Nombre,Departamento,arroa
Paul,ANT,@AOL.com
Stone,ANT,@iCLOUD.com
Ashton,SAP,@yahoo.com
Caleb,NSA,@iCLOUD.com
Maya,ANT,@iCLOUD.com
Riley,BOL,@AOL.com
Mechelle,COR,@gmail.com
Portia,ANT,@AOL.com
Daniel,ANT,@iCLOUD.com
Belle,BOL,@yahoo.com
Curran,ANT,@yahoo.com
Colin,ANT,@iCLOUD.com
Flynn,BOL,@iCLOUD.com
Ignacia,ANT,@gmail.com
Emerald,ANT,@yahoo.com
Natalie,ANT,@gmail.com
Quemby,BOL,@outlook.com
Alexander,ANT,@yahoo.com
Kimberley,ANT,@gmail.com
Keely,ATL,@yahoo.com
Axel,ATL,@AOL.com
Olympia,ATL,@iCLOUD.com
Cyrus,VID,@gmail.com
Jeremy,BOL,@gmail.com
Karyn,ATL,@iCLOUD.com
Galvin,ANT,@outlook.com
Ciaran,ATL,@AOL.com
Halee,ATL,@outlook.com
Carlos,ANT,@iCLOUD.com
Colleen,BOY,@AOL.com
Cynthia,ATL,@gmail.com
Zenia,BOL,@iCLOUD.com
Nomlanga,ANT,@yahoo.com
Francis,ANT,@yahoo.com
Aidan,ANT,@AOL.com
Orla,ANT,@iCLOUD.com
Hu,ANT,@outlook.com
Kaden,ANT,@iCLOUD.com
Channing,ATL,@yahoo.com
Kellie,ANT,@outlook.com
Inez,ANT,@gmail.com
Ariel,BOL,@yahoo.com
September,BOL,@yahoo.com
Farrah,ANT,@iCLOUD.com
Ethan,ARA,@yahoo.com
Zahir,ATL,@AOL.com
Amal,ANT,@outlook.com
Iola,ATL,@gmail.com
Britanni,BOL,@AOL.com
Amity,BOL,@iCLOUD.com